label;replace by
active adult lifestyle communities;retirement housing
affordability;housing affordability
affordable;affordable housing
affordable homes;affordable housing
affordable house;affordable housing
affordable housing crisis;housing crisis
affordable housing development;affordable housing
affordable housing finance;funding models
affordable rental housing;affordable housing
age;retirement housing
aging in place;retirement housing
airbnbńindian cities;
airbnbńrents and housing prices;housing prices
amenities;
assemblage;
amsterdam;
article;
australia;
banking foundations;credit conditions
behavior of house prices;housing prices
belgium;
beijing;
benefits;
building information modelling (bim);digital innovation
business model innovation;funding models
canada;
care;
chile;
china;
chinese;
chinese society;
churning;
city deals;
circular economy;price-rising factors
cities;
climate resilience;price-rising factors
climate-positive housing;price-rising factors
cohousing;co-living
collective land;land markets
common-interest communities;community housing
community happiness;
community assets;community housing
community-led housing;community housing
community land trust;community land trusts
commuting;
compact cities;
comparative analysis;
comparative knowledge production;
comparative urban policy;housing policy
condominiums;
conceptual framework;
confucian;
consumption;
construction management;
cost and affordability;low-cost housing
cost-effective;low-cost housing
credit;credit conditions
critical evaluation;
cultural anthropology;
dagan;
delphi technique;
delivery;housing project delivery
delivery and funding models;funding models
demand and supply;demand capacity
density;
design;
development;developing countries
development feasibility;developing countries
digital innovation and cities;digital innovation
digital collaboration;digital innovation
digital elevation model;digital innovation
digital empowerment;digital innovation
digital inclusion;digital innovation
digital literacy;digital innovation
digital platform;digital innovation
digital platform economyńindian cities;digital innovation
disaster-resilient housing;price-rising factors
dwelling size;
eco-friendly;price-rising factors
ecological gentrification;price-rising factors
economic rent;
economic sustainability indicators;sustainable affordable housing
elder co-housing;co-living
employment participation;
energy efficiency;price-rising factors
environmental policies;price-rising factors
entrepreneurship;
environment;price-rising factors
equity planning;
ethical returns;
federalism;
finance;funding models
financialization;funding models
financialisation;funding models
financing model;funding models
financing social and affordable housing;funding models
first-time owner grant;funding models
fiscal instruments;funding models
forced exits;
fourth industrial revolution (4ir) technologies;IBTs
gender;
global housing affordability crisis;housing crisis
government policy;housing policy
government housing effort;housing policy
granger;
green urbanism;price-rising factors
gulf countries (gcc);
hangzhou;
healthy ageing;
higher-educated;
history of housing;
home financing;funding models
homeownership;home ownership
home purchase;
householder;
house prices;housing prices
housing;housing market
housing aspirations;
housing aspirations and careers;
housing availability;housing supply
housing economy;housing market
housing commons;
housing continuum;
housing location affordability and accessibility analysis;
housing policies;housing policy
housing projects;housing project delivery
hong kong and singapore housing policies;housing policy
housing affordability dynamics;housing affordability
housing affordabilityńrents in indian cities;
housing affordability stress;
housing finance systems;funding models
housingńindian cities;
housing mismatch;housing mismatch model
housing price;housing prices
housing privatization;housing policy reform
housing provision;housing policy
housing scholarship;funding models
housing system reforms;housing policy reform
housing stock;housing market
housing strategies;housing policy
housing sustainability;sustainable affordable housing
hybrid organizations;hybrid models
hybridity;hybrid models
immigrants;
inclusionary housing;housing policy
inclusionary zoning;housing policy
income;
income premium;
incremental housing;
inequalities;
infill housing;
institutional change;
interest only mortgages;mortgage
india;
information and communication technologies;ICTs
innovative building technologies (ibts);IBTs
innovative financing;funding models
institutions;
international comparison;
ireland;
italy;
job satisfaction;
labour market;demand capacity
land;land markets
land administration systems;urban planning
land price;land prices
land tenure;land markets
land value capture;
leadership;
liberal;
lihtc;housing program
local government;
localism;
long-term rental community;long-term rent
low;low-cost housing
low-cost housing technologies;low-cost housing
low-income housing;low-cost housing
low-income;low-cost housing
low-income renters;low-cost housing
malaysia;
market design;
matching markets;
mcmansion;
mega tall building;urban renewal
migrant workers;demand capacity
millard fuller foundation;
mixed-use housing;
moderate;
modular construction;IBTs
mortgage lending;mortgage
mortgage loan;mortgage
mortgages;mortgage
national housing strategy;housing policy
national islands policy;housing policy
neighborhood;
not-for-profit;not-for-profit providers
nras;housing policy
norc-ssp;housing policy
nimby;
older;
older adults;retirement housing
open access publishing;retirement housing
organisational dynamics;not-for-profit providers
pacwipi;housing policy
palestine;
partnership;PPP
participatory research;
people;
perspectives of islanders;
policy;housing policy
policy governance;housing policy
policy interventions;housing policy
price;
private rental;rental market
private rental sector;rental market
private rental market;rental market
productivity;urban productivity
program;housing program
property;
prototype;
public and private agencies;public housing authorities
public housing agencies;public housing authorities
public libraries;
public policy;housing policy
public space;
publicđprivate partnerships (ppps);PPP
public-private partnerships (ppps);PPP
publicđprivateđcommunity partnerships;PPP
public–private–community partnerships;PPP
public-common partnerships;PPP
qualitative;
queensland;
quick and pragmatic relief;
racial inequality;
rent regulation;rent control
rental housing;rental market
rent stabilization;rent control
real estate;real estate market
regional development;urban planning
residential development;urban planning
residential segregation;
residential differentiation;
saudi vision 2030;
scotland;
self-management;
self-help;
seniors;retirement housing
service provider;
shared housing;co-living
sharing economy;co-living
singles;
smart city;IBTs
smart economy;
smart home technologies;IBTs
smart housing;IBTs
social and public housing;social housing
social enterprise;social housing
social housing development;social housing
social inclusion;social housing
social innovation;social housing
social impact;
social impact investing;
social procurement;
socio-spatial justice;social policy
socio-cultural sustainability;
social reproduction;
south africa;
spain;
spatial decision support system;
spatially subsidized benefit;
startup;
state;
state-led financialisation;funding models
state-owned enterprise;
strategy;
structural transformation;social policy
structural reform;
suburbia;
supply;
supply and demand for social and affordable housing;housing market
sustainability;sustainable affordable housing
sustainability criteria;sustainable affordable housing
sustainability of island living;
sustainable city;sustainable affordable housing
sustainable development;sustainable affordable housing
sustainable housing;sustainable affordable housing
sustainable urban development;sustainable affordable housing
tanzania;
the netherlands;
third sector;
thematic analysis;
tenure security;
tobin's q;
trez thematic review;
uk;
urban areas;urban planning
urban consolidation;urban planning
urban development;urban planning
urban governance;urban planning
urban housing;housing market
urban housing markets;housing market
urban planning and housing;urban planning
urban planning and policy;urban planning
urban property tax;price-rising factors
urban productivity;
urban redevelopment;urban renewal
urban transportation;
urbanization;
venture capital;
vienna;
villages;
volatility;
west cork islands;
welfare policy;social policy
welfare state;social policy
young people;youth
youth homeownership. theory of planned behaviour (tpb);youth
zero energy housing;price-rising factors
